"name","isFork","commits","branches","defaultBranch","releases","contributors","license","watchers","stargazers","forks","size","createdAt","pushedAt","updatedAt","homepage","mainLanguage","totalIssues","openIssues","totalPullRequests","openPullRequests","lastCommit","lastCommitSHA","hasWiki","isArchived"
"google/tink",false,5423,16,"master",21,100,"Apache License 2.0",359,12716,1137,51677,"2014-06-06T04:21:09","2022-10-07T08:10:17","2022-10-10T01:47:11","https://developers.google.com/tink","C++",431,104,200,17,"2022-10-07T06:45:23","9b5ce77d050bb459da724aca38f826d068a57305",true,false
"lottie-react-native/lottie-react-native",false,678,5,"master",14,107,"Apache License 2.0",246,15374,1725,414256,"2017-01-27T06:24:50","2022-09-30T05:01:20","2022-10-03T08:28:42",,"C++",665,21,257,7,"2022-08-16T10:06:36","4af1ebd5a6255e4ab87956775ad3bcfcd8a4d3cb",false,false
"tencent/matrix",false,2907,7,"master",15,32,"Other",246,10292,1648,199123,"2018-12-11T07:08:02","2022-09-25T02:57:16","2022-09-29T08:43:53","","C++",549,292,235,26,"2022-05-11T09:52:11","0ee872351b29e78d3b0b192959735a8234c35fa7",true,false
"topjohnwu/magisk",false,5999,2,"master",126,246,"GNU General Public License v3.0",1334,29665,7816,57128,"2016-09-08T12:42:53","2022-10-14T06:44:10","2022-10-17T10:18:14","","C++",4507,34,1663,16,"2022-10-12T08:08:12","021ae15395aeff7dd63c377b333fb2256b77f1c4",false,false
"microsoft/cntk",false,16117,1074,"master",32,194,"Other",1278,17232,4382,935217,"2015-11-26T09:52:06","2022-09-30T05:08:36","2022-10-02T08:59:17","https://docs.microsoft.com/cognitive-toolkit/","C++",3287,753,557,87,"2022-09-23T02:06:50","10a8ffcf50d7b9225f3236ffcfdc422b2014fb92",true,false
"zhongyang219/trafficmonitor",false,838,1,"master",22,25,"Other",243,22526,2437,13299,"2017-07-30T02:51:17","2022-10-02T07:28:05","2022-10-03T12:58:55",,"C++",1228,677,50,4,"2022-10-01T04:30:39","9b2c8fffd12b8efd9f6931981f4277bc85f50039",true,false
"trojan-gfw/trojan",false,466,2,"master",43,19,"GNU General Public License v3.0",502,15885,2817,925,"2017-10-21T04:07:42","2022-05-11T09:53:35","2022-05-15T01:32:51","https://trojan-gfw.github.io/trojan/","C++",542,32,80,2,"2020-11-08T09:51:26","3e7bb9aecdc694f9bcae8d646fae395f773d60f8",true,false
"bvlc/caffe",false,4156,7,"master",14,262,"Other",2167,32104,18908,76170,"2013-09-12T06:39:48","2021-11-29T12:37:53","2021-11-29T02:43:31","http://caffe.berkeleyvision.org/","C++",4765,884,2235,292,"2020-02-13T07:20:36","9b891540183ddc834a02b2bd81b31afae71b2153",true,false
"apple/turicreate",false,1571,3,"main",30,73,"BSD 3-Clause New or Revised License",360,10497,1115,320718,"2017-12-01T12:42:04","2021-11-29T07:55:31","2021-11-30T11:07:08","","C++",1751,470,1679,18,"2021-11-29T07:55:31","cce55aa5311300e3ce6af93cb45ba791fd1bdf49",false,false
"kyleneideck/backgroundmusic",false,389,6,"master",43,32,"GNU General Public License v2.0",145,11991,581,2356,"2016-02-24T07:19:32","2022-08-30T04:07:09","2022-09-04T08:17:35","","C++",547,395,40,0,"2022-08-30T04:07:09","08837fcdca100e1393913ae526eead3983e191a0",true,false
"spotify/annoy",false,842,19,"master",18,60,"Apache License 2.0",327,10126,1045,1972,"2013-04-01T08:29:40","2022-08-19T02:15:01","2022-08-20T10:06:01",,"C++",351,37,251,4,"2022-08-08T09:31:20","005eaa99304398e6930807149900754ccb374dd8",true,false
"rethinkdb/rethinkdb",false,33506,33,"v2.4.x",70,142,"Other",790,25721,1874,281644,"2012-10-30T05:37:47","2022-10-06T10:39:50","2022-10-09T09:11:52","https://rethinkdb.com","C++",6356,1339,676,7,"2022-10-06T10:39:50","bf28f64e8cab2ee2b5890f8d0a7a698c32e802eb",true,false
"aria2/aria2",false,5321,8,"master",23,57,"GNU General Public License v2.0",715,27669,3085,31225,"2010-11-27T09:41:48","2022-10-03T03:15:01","2022-10-08T07:41:03","https://aria2.github.io/","C++",1660,907,306,42,"2022-08-25T07:23:39","f4cbc7bb315b1687679e6ab94648c2685a9e9668",true,false
"typesense/typesense",false,1733,11,"main",24,25,"GNU General Public License v3.0",94,10709,310,5240,"2017-01-18T08:01:47","2022-09-03T11:21:44","2022-09-05T02:54:22","https://typesense.org","C++",646,198,50,3,"2022-07-22T07:33:02","1a60e024fb3ac34174a1d4bcb7185b7af3ab399c",false,false
"chenshuo/muduo",false,795,8,"master",18,49,"Other",781,11919,4757,1763,"2010-05-05T12:58:02","2022-09-09T09:56:42","2022-09-12T03:57:45","https://github.com/chenshuo/muduo","C++",347,22,224,33,"2022-09-09T09:56:41","e7b647ba99ea8e9b517fc2108d94d892667c9d14",true,false
"google/mediapipe",false,123,2,"master",40,1,"Apache License 2.0",487,18647,3931,543377,"2019-06-13T07:16:41","2022-09-09T03:37:51","2022-09-12T04:11:53","https://mediapipe.dev","C++",3497,402,191,58,"2022-09-09T01:38:52","6cdc6443b6a7ed662744e2a2ce2d58d9c83e6d6f",true,false
"wkhtmltopdf/wkhtmltopdf",false,1175,8,"master",15,74,"GNU Lesser General Public License v3.0",390,12344,1608,6341,"2009-08-07T02:27:43","2022-06-29T04:39:11","2022-07-01T03:07:41","https://wkhtmltopdf.org","C++",3565,1273,199,25,"2022-06-29T04:37:38","024b2b2bb459dd904d15b911d04c6df4ff2c9031",false,false
"dogecoin/dogecoin",false,14211,12,"master",39,351,"MIT License",856,14161,2619,170338,"2013-12-06T11:38:05","2022-09-28T08:21:03","2022-09-29T07:15:51","","C++",1118,123,1686,52,"2022-07-18T10:54:00","3a29ba6d497cd1d0a32ecb039da0d35ea43c9c85",true,false
"mobile-shell/mosh",false,1421,6,"master",11,65,"GNU General Public License v3.0",219,11009,681,2870,"2011-01-09T09:41:02","2022-08-04T09:17:56","2022-08-07T11:14:32","https://mosh.org","C++",849,229,366,43,"2022-08-04T09:15:43","f3665fb99bffc5929193a204d8540d74749b52c3",true,false
"cmderdev/cmder",false,1392,5,"master",30,122,"MIT License",572,24023,1971,2784,"2013-07-09T07:44:22","2022-09-11T12:28:44","2022-09-15T09:06:22","https://cmder.app","C++",2162,17,524,1,"2022-09-11T12:28:44","3d0e6b86e301746e2a661d910404d15846aab804",true,false
"tencent/mmkv",false,1081,7,"master",33,23,"Other",269,15047,1672,2460,"2018-09-17T10:59:36","2022-09-29T09:51:19","2022-10-02T09:51:26","","C++",703,9,221,0,"2022-08-10T06:34:43","f58cf4b7e56765deda27bc30e9537cbdb3075c25",true,false
"gabime/spdlog",false,4050,5,"v1.x",34,278,"Other",435,15808,3359,41289,"2014-11-01T01:28:53","2022-10-07T12:27:49","2022-10-10T02:29:12","","C++",1698,29,688,1,"2022-10-03T03:52:35","936697e5b1944bf1630cfbb9e82144f8bdc32815",true,false
"google/leveldb",false,423,3,"main",21,54,"BSD 3-Clause New or Revised License",1324,30895,6865,1634,"2014-08-27T09:17:52","2022-10-13T03:05:09","2022-10-17T08:55:28","","C++",689,172,337,73,"2022-07-18T10:11:43","aa5479bbf47e9df86e0afbb89e6246085f22cdd4",false,false
"mozilla/deepspeech",false,3466,61,"master",105,134,"Mozilla Public License 2.0",650,20177,3564,50567,"2016-06-02T03:04:53","2022-09-08T01:21:14","2022-09-12T03:06:29","","C++",2069,104,1663,18,"2021-11-17T05:52:52","aa1d28530d531d0d92289bf5f11a49fe516fdc86",true,false
"facebook/yoga",false,2053,51,"main",25,185,"MIT License",383,15570,1331,35267,"2014-04-07T01:37:37","2022-09-30T05:31:25","2022-10-03T12:05:57","https://yogalayout.com/","C++",517,238,625,114,"2022-09-30T05:25:24","206bf414ec6ce5e41b6fb923e871e143522ddd06",true,false
"catchorg/catch2",false,4115,4,"devel",83,304,"Boost Software License 1.0",442,15612,2665,26305,"2010-11-08T06:22:56","2022-09-28T02:02:10","2022-09-29T07:00:34","https://discord.gg/4CWS9zD","C++",1676,328,850,22,"2022-09-28T02:02:10","4a7cefe60101c1e5ea7c7da33a1abe06fbc8e020",false,false
"esp8266/arduino",false,4271,13,"master",34,410,"GNU Lesser General Public License v2.1",946,14374,12698,212526,"2015-03-27T05:22:06","2022-09-29T05:59:16","2022-09-29T03:09:03","","C++",5636,242,2930,66,"2022-09-13T12:57:42","a0c7a85649a3c48c05e70f3014769af23d01ec3b",true,false
"unetworking/uwebsockets",false,832,10,"master",131,25,"Apache License 2.0",408,14237,1593,4316,"2016-03-21T04:39:40","2022-09-28T04:03:39","2022-09-29T07:31:51","","C++",371,17,264,5,"2022-09-28T01:43:30","09a7b2f093ba4efebcdd63c0e641552b6948cd18",false,false
"facebookresearch/faiss",false,655,13,"main",13,95,"MIT License",445,17926,2700,71289,"2017-02-07T04:07:05","2022-09-17T09:50:47","2022-09-19T01:49:51","faiss.ai","C++",1875,212,552,29,"2022-09-15T03:25:15","e7b9d5514bc41109a0c502bcb6dc72ac196b287a",true,false
"google/libphonenumber",false,2002,13,"master",140,115,"Apache License 2.0",398,14231,1896,174509,"2014-12-03T06:02:17","2022-10-07T12:49:54","2022-10-09T08:25:02","","C++",0,0,1367,25,"2022-10-06T10:00:38","2369340a05076ef235be1550f202ff5b66db9917",true,false
"microsoft/winget-cli",false,694,61,"master",31,77,"MIT License",276,17857,1032,22070,"2019-07-16T10:16:49","2022-09-30T11:45:27","2022-10-03T07:25:00","","C++",1376,524,785,12,"2022-09-30T11:45:21","8d0996fc4921261b3eb46b0351793f53e8e918f4",true,false
"qv2ray/qv2ray",false,3058,4,"dev",49,39,"GNU General Public License v3.0",256,14130,3003,25543,"2019-06-15T01:51:08","2022-09-25T03:06:00","2022-09-29T12:57:59","https://qv2ray.net","C++",1090,24,456,2,"2022-09-25T02:27:33","fb44fb1421941ab192229ff133bc28feeb4a8ce5",false,false
"uglide/redisdesktopmanager",false,2161,8,"2022",87,77,"Other",612,20924,3197,78612,"2013-08-05T07:51:08","2022-10-07T04:33:11","2022-10-17T03:26:21","https://resp.app","C++",4529,38,560,3,"2022-10-05T03:06:50","3147597fd093807c9e0ae5b761c0acf35ab51cab",false,false
"abseil/abseil-cpp",false,1132,9,"master",16,139,"Apache License 2.0",565,11047,2073,11475,"2017-09-20T03:10:30","2022-10-07T09:23:04","2022-10-10T04:22:30","https://abseil.io","C++",686,117,345,10,"2022-10-07T09:22:13","76466b85fb9c86be56bfe773667ee6ad4fc3b87f",false,false
"werwolv/imhex",false,1524,5,"master",35,57,"GNU General Public License v2.0",313,13911,714,16379,"2020-11-10T02:27:00","2022-07-22T10:02:14","2022-07-22T04:10:16","https://imhex.werwolv.net","C++",390,46,180,5,"2022-07-18T06:18:41","b6d7fd6984f43768b33b67fbdc8c088e5176fa3c",true,false
"ocornut/imgui",false,7005,13,"master",79,299,"MIT License",1018,41270,7265,86906,"2014-07-21T02:29:47","2022-09-14T06:36:53","2022-09-16T03:33:39","","C++",4276,663,983,128,"2022-09-14T06:36:45","2b1d8e3eafa3204e31aa2de5b42b380d40042930",true,false
"dmlc/xgboost",false,5927,14,"master",43,412,"Apache License 2.0",928,23194,8451,23762,"2014-02-06T05:28:03","2022-09-19T03:44:41","2022-09-19T06:02:58","https://xgboost.ai/","C++",4527,272,3714,46,"2022-09-14T03:46:23","70df36c99cf7112319a02c25f7aac3f39a718f33",true,false
"google/flatbuffers",false,2674,2,"master",18,430,"Apache License 2.0",638,18563,2887,16256,"2014-05-19T06:33:01","2022-08-19T06:38:02","2022-08-21T12:44:54","http://google.github.io/flatbuffers/","C++",2007,141,2047,13,"2022-08-19T03:51:18","883c42b7dba4d8febebfc77c8c581d7f91beb979",true,false
"sqlitebrowser/sqlitebrowser",false,3771,16,"master",37,140,"Other",506,17119,1914,27442,"2014-05-04T01:54:44","2022-10-07T03:45:23","2022-10-10T02:03:16","https://sqlitebrowser.org","C++",2577,589,507,10,"2022-10-07T03:38:38","8cbf5795bc2f2cbb3bd5382be68aa7d28d78c835",true,false
"valvesoftware/proton",false,1373,23,"proton_7.0",51,66,"Other",378,18364,798,115838,"2018-03-13T06:45:27","2022-10-10T03:34:44","2022-10-10T02:09:26","","C++",5912,3535,171,10,"2022-08-10T04:29:30","4221d9ef07cc38209ff93dbbbca9473581a38255",true,false
"aseprite/aseprite",false,8513,14,"main",85,67,,410,18942,1694,36181,"2014-08-19T11:44:50","2022-10-13T12:48:49","2022-10-17T10:26:31","https://www.aseprite.org","C++",3091,1267,408,13,"2022-10-13T12:40:54","616f74ae2d47590a66e5b47d43e47f6cd223128a",false,false
"microsoft/airsim",false,3560,3,"main",30,203,"Other",584,13546,3867,376458,"2017-02-14T12:52:29","2022-09-29T12:01:17","2022-10-02T05:49:14","https://microsoft.github.io/AirSim/","C++",3233,538,885,26,"2022-07-21T06:16:09","6688d27d3712c2a9c824ababec7a2703475b6628",true,false
"electron/electron",false,26551,221,"main",1011,382,"MIT License",2926,102573,13677,121641,"2013-04-12T01:47:36","2022-07-17T09:19:55","2022-07-17T10:23:51","https://electronjs.org","C++",17181,1568,17199,81,"2022-07-15T11:57:29","f1746c81c66d6857e8b857a6eaedee8cc123c942",false,false
"bitcoin/bitcoin",false,34611,7,"master",37,352,"MIT License",3921,65138,32664,211028,"2010-12-19T03:16:43","2022-07-09T11:53:05","2022-07-10T01:29:05","https://bitcoincore.org/en/download","C++",6964,586,17679,392,"2022-07-08T02:27:06","194710d8ff398838e4e5bb87b56e19ebed1d6c52",false,false
"tesseract-ocr/tesseract",false,6063,10,"main",22,154,"Apache License 2.0",1668,46775,8152,52379,"2014-08-12T06:04:59","2022-09-23T10:26:21","2022-09-26T10:32:40","https://tesseract-ocr.github.io/","C++",2407,354,1488,14,"2022-09-23T10:26:21","aee19fcf8eb832bb9b6a67ada671d3e7679abeac",true,false
"nlohmann/json",false,4497,10,"develop",43,236,"MIT License",746,32165,5535,180430,"2013-07-04T08:47:49","2022-10-11T12:59:21","2022-10-17T04:04:35","https://json.nlohmann.me","C++",2039,24,889,26,"2022-10-02T09:55:39","a3e6e26dc83a726b292f5be0492fcc408663ce55",false,false
"apolloauto/apollo",false,18099,43,"master",10,267,"Apache License 2.0",1113,21733,8822,2677601,"2017-07-04T07:03:31","2022-10-11T08:34:22","2022-10-17T06:08:51","","C++",3738,618,10887,82,"2022-10-11T09:16:07","aa0c5eb66189b86a724206305712cfb337c07619",true,false
"telegramdesktop/tdesktop",false,13348,9,"dev",589,157,"Other",760,19957,4215,197000,"2014-05-02T12:36:31","2022-10-06T07:25:16","2022-10-10T02:32:06","https://desktop.telegram.org/","C++",11617,754,1435,18,"2022-10-06T03:13:38","8f1a8f909dd632479902d6b4d3effb8bbb254dd4",true,false
"ossrs/srs",false,8270,8,"develop",48,82,"MIT License",827,19214,4653,243693,"2015-04-29T06:59:32","2022-09-24T11:28:57","2022-09-26T09:38:31","https://ossrs.io","C++",1135,189,465,22,"2022-09-22T12:37:22","b32814214099949ff51880d3ea7f5bbcebc26754",true,false
"ethereum/solidity",false,22551,284,"develop",99,368,"GNU General Public License v3.0",664,17875,4241,64731,"2015-08-17T12:27:26","2022-08-14T12:16:30","2022-08-14T10:03:27","https://soliditylang.org","C++",5215,1039,7806,70,"2022-08-13T01:55:15","a78a2bcf34f729957095587fcead56a7291abfb1",false,false
"polybar/polybar",false,2121,6,"master",21,142,"MIT License",126,11442,584,8601,"2016-05-19T02:16:23","2022-10-05T09:05:45","2022-10-08T03:46:34","https://polybar.github.io","C++",1947,162,798,60,"2022-10-05T09:05:44","303015244e311dc0c2a56f349deb4b72975c6e65",true,false
"flameshot-org/flameshot",false,1853,15,"master",25,202,"GNU General Public License v3.0",200,18946,1195,22992,"2017-05-10T07:44:51","2022-10-06T05:29:08","2022-10-09T08:32:36","https://flameshot.org","C++",1916,317,923,8,"2022-10-06T05:29:08","134117b558571c60926d97dfe585143643448113",false,false
"tensorflow/tensorflow",false,113242,49,"master",138,402,"Apache License 2.0",8100,156951,85000,723249,"2015-11-07T01:19:20","2021-06-27T09:13:57","2021-06-27T04:27:51","https://tensorflow.org","C++",32030,3500,18134,173,"2021-06-27T09:13:07","1df058b0a4af8c5673251e27a57af320d7b1d29d",false,false
"protocolbuffers/protobuf",false,9955,42,"main",104,374,"Other",2081,56022,14388,100737,"2014-08-26T03:52:15","2022-08-30T05:55:21","2022-09-01T02:56:55","https://developers.google.com/protocol-buffers/","C++",5133,758,5193,34,"2022-08-30T04:30:54","e58ff9821b534d1f5bdd8af4a8ceeba661ac9b50",true,false
"grpc/grpc",false,51444,137,"master",205,325,"Apache License 2.0",1356,35178,9269,438304,"2014-12-08T06:58:53","2022-08-06T03:38:05","2022-08-07T02:19:03","https://grpc.io","C++",10334,661,19915,196,"2022-08-06T01:12:09","6a74cf535a1fce248ae8d538fb47051602f01e7f",true,false
"cmu-perceptual-computing-lab/openpose",false,703,3,"master",15,95,"Other",908,25032,7318,86470,"2017-04-24T02:06:31","2022-09-30T05:20:21","2022-10-03T10:10:21","https://cmu-perceptual-computing-lab.github.io/openpose","C++",1820,185,236,10,"2022-09-30T04:54:10","63e1d07213c950601d0789fd9276a8f244967f22",true,false
"apache/incubator-mxnet",false,11893,42,"master",34,375,"Apache License 2.0",1094,20085,6877,100627,"2015-04-30T04:21:15","2022-09-26T12:15:07","2022-09-28T12:01:56","https://mxnet.apache.org","C++",9528,1783,11095,204,"2022-09-26T12:15:06","7d602e3b2382eb501fdeb94c4d97e652a723af11",true,false
"osquery/osquery",false,6198,4,"master",120,367,"Other",689,19289,2343,25799,"2014-07-29T08:27:33","2022-09-16T05:14:59","2022-09-19T05:38:25","https://osquery.io","C++",3013,504,4696,34,"2022-09-16T04:35:30","a8a4a46c37d2fa5eb3853137c3fa519c359d3cbc",false,false
"facebook/hhvm",false,48962,187,"master",15,291,"Other",1018,17270,2994,514723,"2010-01-02T01:17:06","2022-06-06T02:28:37","2022-06-05T01:40:29","https://hhvm.com","C++",5883,589,3099,71,"2022-06-05T11:37:26","b97c6427f96ea3258fc79b67b6cf874bc329fc7d",true,false
"swoole/swoole-src",false,12558,5,"master",230,135,"Apache License 2.0",852,17601,3190,49872,"2012-07-21T01:49:59","2022-10-08T03:09:33","2022-10-05T09:20:22","https://www.swoole.com","C++",3143,82,1646,10,"2022-09-28T03:53:03","9a41f1257b12fd1d6c804cc922ae11bcce8e5c2e",false,false
"facebook/folly",false,11099,1,"main",104,302,"Apache License 2.0",1034,23105,4826,42330,"2012-06-01T08:49:04","2022-09-12T07:01:54","2022-09-12T01:01:27","https://groups.google.com/forum/?fromgroups#!forum/facebook-folly","C++",960,335,863,73,"2022-09-10T03:17:00","5bad3c1f2c4507c44cf993db8598fbd7209589be",true,false
"microsoft/react-native-windows",false,6745,75,"main",266,182,"Other",298,14982,1096,204349,"2015-12-15T12:16:54","2022-10-01T05:11:39","2022-10-03T09:40:54","https://microsoft.github.io/react-native-windows/","C++",3792,710,6725,53,"2022-10-01T05:11:35","f5e0fac7ab6a7e5f4f476df4fdf6258a94bbcaa2",true,false
"simdjson/simdjson",false,2434,111,"master",41,96,"Apache License 2.0",236,16126,874,22529,"2018-03-23T12:49:18","2022-10-06T03:59:22","2022-10-10T01:47:32","https://simdjson.org","C++",716,120,1143,3,"2022-10-06T03:59:12","960a7ebba149af00628e6a56f9605945f91a15b7",true,false
"pqrs-org/karabiner-elements",false,5628,1,"main",34,36,"The Unlicense",222,15277,783,95014,"2016-07-11T04:57:55","2022-09-26T03:24:38","2022-09-29T10:44:55","https://pqrs.org/osx/karabiner/","C++",3156,633,73,0,"2022-09-26T03:24:35","dfce6b5feac65bd0ebfebc5de5f621e7dd1177fb",false,false
"microsoft/lightgbm",false,3092,18,"master",24,262,"MIT License",452,14229,3634,20218,"2016-08-05T05:45:50","2022-10-03T08:01:48","2022-10-03T01:05:09","https://lightgbm.readthedocs.io/en/latest/","C++",2802,209,2708,36,"2022-09-15T11:39:32","dc4794b62f2c09103e558b7a8325bed66083a5c3",true,false
"xbmc/xbmc",false,60796,33,"master",147,248,"Other",807,14112,5971,1575235,"2011-01-03T09:18:51","2022-08-17T05:58:55","2022-08-18T03:22:53","https://kodi.tv/","C++",2948,658,18789,169,"2022-08-17T05:57:44","8a85a4c4d9b8ee8cbe10d8f073fcbe985b915ebb",false,false
"microsoft/vcpkg",false,12682,1,"master",13,1109,"Other",384,11765,3282,31776,"2016-09-15T04:40:50","2021-01-29T03:45:29","2021-01-29T02:45:31","","C++",7924,1211,7960,163,"2021-01-29T03:45:59","865de0c130f3d34174ac7a410789df3c44a27fd2",true,false
"eosio/eos",false,20554,546,"master",114,225,"MIT License",1025,11355,3699,310302,"2017-04-05T05:09:53","2022-07-27T12:17:50","2022-07-29T02:55:34","https://developers.eos.io/manuals/eos","C++",5055,304,5996,82,"2021-07-19T11:22:42","11d35f0f934402321853119d36caeb7022813743",true,false
"tencent/ncnn",false,2710,2,"master",35,220,"Other",571,15613,3627,19869,"2017-06-30T10:55:37","2022-09-28T01:25:09","2022-09-29T03:10:29","","C++",2744,813,1463,50,"2022-09-24T01:07:52","d30fc825d404a8c575cd200af802fe9e51e2f729",true,false
"google/filament",false,5285,39,"main",121,103,"Apache License 2.0",372,14659,1467,655705,"2018-08-03T05:26:00","2022-10-01T10:58:48","2022-10-03T11:11:29","https://google.github.io/filament/","C++",1752,92,3742,4,"2022-09-30T11:12:36","694ecce150289cf55cf4c026ff1763aa8b39e6e0",true,false
"apple/foundationdb",false,21193,32,"main",138,189,"Apache License 2.0",288,11476,1122,109371,"2017-12-14T01:40:42","2022-07-17T07:33:44","2022-07-15T08:54:41","https://www.foundationdb.org","C++",1525,727,6021,205,"2022-07-15T09:32:53","02ab3b05ab191b40b4f71757d66025d660bfbf7d",true,false
"facebook/watchman",false,11005,14,"main",103,224,"MIT License",267,11155,921,27814,"2012-11-29T11:35:52","2022-10-03T07:01:49","2022-10-03T04:00:25","https://facebook.github.io/watchman/","C++",615,134,431,21,"2022-10-01T01:28:27","58075ade745bb381c1591bfe22f7654a1b56e32c",true,false
"marlinfirmware/marlin",false,18749,7,"bugfix-2.1.x",54,401,"GNU General Public License v3.0",925,13697,17118,184417,"2011-08-13T08:07:20","2022-09-01T12:58:15","2022-08-31T09:47:49","http://marlinfw.org","C++",13423,598,11226,55,"2022-08-30T12:41:13","aa0904600b9704afeea0ac5edbb81139ea5436e9",false,false
"keepassxreboot/keepassxc",false,4354,12,"develop",37,302,"Other",248,13833,1102,47428,"2016-02-28T03:52:40","2022-09-25T09:28:25","2022-09-29T02:44:35","https://keepassxc.org/","C++",6240,545,1819,38,"2022-09-22T12:40:23","eaa363d8c032fc5513d4566d72f249a6e4e9d293",true,false
"rizinorg/cutter",false,2392,13,"dev",42,165,"GNU General Public License v3.0",295,12073,972,15306,"2017-09-25T09:50:51","2022-10-07T11:04:51","2022-10-17T03:18:57","https://cutter.re","C++",1458,430,1531,13,"2022-10-05T02:35:43","8ad700a6dc1a4a628f23ebefa2138c5f8df0182d",true,false
"rpcs3/rpcs3",false,14153,11,"master",26,257,"GNU General Public License v2.0",596,11652,1693,109290,"2012-11-03T03:16:18","2022-09-15T08:48:07","2022-09-15T05:40:06","https://rpcs3.net/","C++",5981,680,6273,35,"2022-09-13T05:11:30","2807be7080ab71d5c542a2bef7323f9b43f192e6",true,false
"freecad/freecad",false,28928,12,"master",16,325,"Other",522,11369,2767,1512396,"2012-09-09T08:25:02","2022-05-25T03:24:24","2022-05-25T01:11:16","https://www.freecadweb.org","C++",966,704,5941,55,"2022-05-24T02:42:27","d492ac30838e4fb07b1ce4b378730f2fb38b9ba3",false,false
"pybind/pybind11",false,2585,23,"master",15,288,"Other",245,11646,1688,9418,"2015-07-05T07:46:48","2022-10-01T02:34:23","2022-10-03T06:55:35","https://pybind11.readthedocs.io/","C++",1913,422,1886,106,"2022-09-27T12:44:19","da8c730a62a7f9654433f5e2206bd1135a8b57d8",true,false
"paddlepaddle/paddle",false,36525,36,"develop",55,314,"Apache License 2.0",730,18547,4616,259185,"2016-08-15T06:59:08","2022-07-17T03:52:05","2022-07-17T05:02:30","http://www.paddlepaddle.org/","C++",15009,2076,29270,828,"2022-07-16T07:05:00","c0a7830f0ce6262ff0c9507208400b1111743f0a",true,false
"microsoft/terminal",false,3270,367,"main",83,336,"MIT License",1310,85405,7505,114899,"2017-08-11T06:38:22","2022-09-25T07:09:32","2022-09-26T10:42:05","","C++",10495,1465,3268,52,"2022-09-23T01:20:21","e1e6e662f9d00d55770c2c947066d7de18ea286f",true,false
"opencv/opencv",false,31936,6,"4.x",58,300,"Apache License 2.0",2634,62690,52053,507636,"2012-07-19T09:40:17","2022-07-17T08:40:41","2022-07-18T12:11:11","https://opencv.org","C++",8975,2103,13186,132,"2022-07-16T11:59:30","1d134025a5c7e15c6d038584b19177990db50555",true,false
"facebook/rocksdb",false,11246,153,"main",159,323,"GNU General Public License v2.0",1006,23018,5292,187193,"2012-11-30T06:16:18","2022-07-09T11:33:22","2022-07-10T12:59:58","http://rocksdb.org","C++",2577,439,7523,274,"2022-07-09T02:48:09","96206531bc0bb56d87012921c5458c8a3047a6b3",true,false
"envoyproxy/envoy",false,11794,24,"main",85,399,"Apache License 2.0",605,20007,3782,152517,"2016-08-08T03:07:24","2022-07-17T07:41:38","2022-07-17T04:19:14","https://www.envoyproxy.io","C++",7615,1194,14613,144,"2022-07-16T02:00:22","1cf5603dc5239c92e5bc38ef321f59ccf6eabc6e",true,false
"taichi-dev/taichi",false,9004,101,"master",102,183,"Apache License 2.0",392,19558,1998,47824,"2016-11-24T10:00:05","2022-07-17T07:00:55","2022-07-17T11:25:36","https://taichi-lang.org","C++",1766,466,3629,42,"2022-07-17T02:18:11","98d50755985da1a91b68853552a720de0a895370",true,false
"fmtlib/fmt",false,5927,3,"master",41,354,"Other",322,15373,1880,14898,"2012-12-07T04:26:46","2022-10-07T08:46:45","2022-10-10T03:16:03","https://fmt.dev","C++",2032,11,1087,2,"2022-10-07T08:46:45","d2c47c0df23d95e3d7c5def06e5f67f32eb7ffc7",false,false
"davisking/dlib",false,8124,3,"master",25,157,"Boost Software License 1.0",470,11462,3129,25824,"2014-01-29T12:45:33","2022-10-09T05:04:57","2022-10-16T06:56:04","http://dlib.net","C++",2079,30,585,5,"2022-10-09T01:36:54","1bebccfb8728f6112d6142ba24f2dd65970ff6a2",false,false
"openrct2/openrct2",false,23511,8,"develop",28,361,"GNU General Public License v3.0",210,10683,1269,178999,"2014-04-01T11:32:25","2022-07-14T11:48:14","2022-07-15T01:05:35","https://openrct2.io","C++",9418,1340,7679,72,"2022-07-12T10:20:49","213696ea274a55aef6e6fa67e7abc6f2c201d349",true,false
"godotengine/godot",false,43369,10,"master",38,456,"Other",1436,48906,8729,924910,"2014-01-04T04:05:36","2022-05-15T02:21:04","2022-05-15T05:59:23","https://godotengine.org","C++",33323,6064,26745,1429,"2022-05-14T07:19:32","6d5d9dd82ad263ae69afc01e73e47320c1f68c04",false,false
"clickhouse/clickhouse",false,80425,6055,"master",335,296,"Apache License 2.0",660,21358,4176,561176,"2016-06-02T08:28:18","2022-01-01T10:46:21","2022-01-01T08:14:47","https://clickhouse.com","C++",10150,1719,23131,142,"2022-01-01T07:04:15","b29e8688a56572172a1becd80693b7960fc65b05",true,false
"notepad-plus-plus/notepad-plus-plus",false,4748,1,"master",88,306,"Other",617,16788,3751,212519,"2015-03-28T12:05:08","2022-08-18T11:03:04","2022-08-21T11:25:31","https://notepad-plus-plus.org/","C++",8096,1650,2998,26,"2022-08-14T04:20:22","f2c4ecd7e1bfd5d7d5c14c854438c02f2ba0909a",true,false
"apple/swift",false,136971,322,"main",41,361,"Apache License 2.0",2526,60115,9675,832085,"2015-10-23T09:15:07","2022-07-17T08:20:22","2022-07-17T08:18:18","https://swift.org","C++",12626,5443,43877,553,"2022-07-15T09:34:23","4e1a1b82b974f6fd9b711c3d9a81de76ddf275fa",false,false
"pytorch/pytorch",false,33741,4459,"master",60,1756,"Other",1594,46324,12323,335138,"2016-08-13T05:26:41","2021-02-21T04:46:12","2021-02-21T02:31:53","https://pytorch.org","C++",18622,5632,33853,2312,"2021-02-21T09:43:54","14f7bf06290c5ff7b1d43506957afd765d238de0",true,false
"onnx/onnx",false,2038,34,"main",22,229,"Apache License 2.0",430,13149,2956,22970,"2017-09-07T04:53:45","2022-08-26T04:59:38","2022-08-28T03:23:40","https://onnx.ai/","C++",2032,233,2340,78,"2022-08-25T05:54:01","e69872e7a55c6da5b22caa33739da4df17c7d01c",true,false
"fish-shell/fish-shell",false,16083,26,"master",37,400,"Other",268,19407,1590,74513,"2012-05-10T03:00:55","2022-08-16T06:56:43","2022-08-18T06:00:52","https://fishshell.com","C++",6394,459,2682,1,"2022-08-15T06:30:47","98692e03095fab0b7c9b3af63b767cb8b10e6d58",true,false
